{"name":"4694b965-3507-4834-9765-f2e40b1716ab","id":"/providers/Microsoft.Flow/flows/4694b965-3507-4834-9765-f2e40b1716ab","type":"Microsoft.Flow/flows","properties":{"apiId":"/providers/Microsoft.PowerApps/apis/shared_logicflows","displayName":"getSIDSFMobile5","definition":{"metadata":{"workflowEntityId":"9925ae43-d8e6-ee11-904d-000d3a659b9d","processAdvisorMetadata":null,"flowChargedByPaygo":null,"flowclientsuspensionreason":"None","flowclientsuspensiontime":null,"flowclientsuspensionreasondetails":null,"creator":{"id":"c460d924-e514-4ad6-8347-2f10db18a619","type":"User","tenantId":"9f1c8e82-c18c-47b7-8190-9078686422ad"},"provisioningMethod":"FromDefinition","failureAlertSubscription":true,"clientLastModifiedTime":"2024-03-20T16:38:39.461063Z","connectionKeySavedTimeKey":"2024-03-20T16:38:39.461063Z"},"$schema":"https://schema.management.azure.com/providers/Microsoft.Logic/schemas/2016-06-01/workflowdefinition.json#","contentVersion":"1.0.0.0","parameters":{"$authentication":{"defaultValue":{},"type":"SecureObject"}},"triggers":{"manual":{"metadata":{"operationMetadataId":"34d6fc3e-62a9-487f-97e0-ee221336e2fe"},"type":"Request","kind":"PowerApp","inputs":{"schema":{"type":"object","properties":{"Variableinitialisieren_Wert":{"type":"string","description":"Anfangswert eingeben","x-ms-powerflows-param-ispartial":false},"Variableinitialisieren2_Wert":{"type":"string","description":"Anfangswert eingeben","x-ms-powerflows-param-ispartial":false},"Variableinitialisieren3_Wert":{"type":"string","description":"Anfangswert eingeben","x-ms-powerflows-param-ispartial":false},"Variableinitialisieren4_Wert":{"type":"string","description":"Anfangswert eingeben","x-ms-powerflows-param-ispartial":false},"Variableinitialisieren5_Wert":{"type":"string","description":"Anfangswert eingeben","x-ms-powerflows-param-ispartial":false}},"required":["Variableinitialisieren_Wert","Variableinitialisieren2_Wert","Variableinitialisieren3_Wert","Variableinitialisieren4_Wert","Variableinitialisieren5_Wert"]}}}},"actions":{"HTTP":{"runAfter":{"Variable_initialisieren_5":["Succeeded"]},"metadata":{"operationMetadataId":"3a8e948c-9168-44af-b28f-31b174aa2571"},"type":"Http","inputs":{"method":"POST","uri":"@{variables('URL')}&PRGNAME=getsidSFMobile","body":"@{variables('APPID')},@{variables('Benutzer')},@{variables('Passwort')},@{variables('UID')}","retryPolicy":{"type":"none"}}},"JSON_analysieren":{"runAfter":{"HTTP":["Succeeded"]},"metadata":{"operationMetadataId":"831ea011-1100-4336-9fbe-9eb2131b41ab"},"type":"ParseJson","inputs":{"content":"@body('HTTP')","schema":{"type":"array","items":{"type":"object","properties":{"APPID":{"type":"string"},"SID":{"type":"string"},"STATUS":{"type":"integer"},"STATUSBESCHREIBUNG":{"type":"string"}}}}}},"Auf_eine_PowerApp_oder_einen_Flow_antworten":{"runAfter":{"JSON_analysieren":["Succeeded"]},"metadata":{"operationMetadataId":"798f3d42-4053-4eba-b4c7-e488212e87d1"},"type":"Response","kind":"PowerApp","inputs":{"statusCode":200,"body":{"sid":"@{body('JSON_analysieren')[0]?['SID']}","retstatus":"@int(body('JSON_analysieren')[0]?['STATUS'])"},"schema":{"type":"object","properties":{"sid":{"title":"SID","x-ms-dynamically-added":true,"type":"string"},"retstatus":{"title":"RETSTATUS","x-ms-dynamically-added":true,"type":"number"}}}}},"Variable_initialisieren":{"runAfter":{},"metadata":{"operationMetadataId":"d21f7ca1-dfc2-443f-81c7-792d30475571"},"type":"InitializeVariable","inputs":{"variables":[{"name":"APPID","type":"string","value":"@{triggerBody()['Variableinitialisieren_Wert']}"}]}},"Variable_initialisieren_2":{"runAfter":{"Variable_initialisieren":["Succeeded"]},"metadata":{"operationMetadataId":"2915089e-e9aa-4405-bde8-dc4f2e8978aa"},"type":"InitializeVariable","inputs":{"variables":[{"name":"Benutzer","type":"string","value":"@{base64(triggerBody()['Variableinitialisieren2_Wert'])}"}]}},"Variable_initialisieren_3":{"runAfter":{"Variable_initialisieren_2":["Succeeded"]},"metadata":{"operationMetadataId":"c3609079-9e2d-4868-8b79-818bb7b2b970"},"type":"InitializeVariable","inputs":{"variables":[{"name":"Passwort","type":"string","value":"@{base64(triggerBody()['Variableinitialisieren3_Wert'])}"}]}},"Variable_initialisieren_4":{"runAfter":{"Variable_initialisieren_3":["Succeeded"]},"metadata":{"operationMetadataId":"546850b4-29ea-4684-aa23-57e71d022a56"},"type":"InitializeVariable","inputs":{"variables":[{"name":"URL","type":"string","value":"@triggerBody()['Variableinitialisieren4_Wert']"}]}},"Variable_initialisieren_5":{"runAfter":{"Variable_initialisieren_4":["Succeeded"]},"metadata":{"operationMetadataId":"ca3eef9c-fd59-4bd9-ae54-80eddcf94351"},"type":"InitializeVariable","inputs":{"variables":[{"name":"UID","type":"string","value":"@{base64(triggerBody()['Variableinitialisieren5_Wert'])}"}]}}},"outputs":{}},"connectionReferences":{},"flowFailureAlertSubscribed":false,"isManaged":false}}